date,name,href
"Thu, Jul. 02",Musk tweaks SEC again with Tesla shares cruising,https://seekingalpha.com/news/3588459-musk-tweaks-sec-again-tesla-shares-cruising?source=content_type:react|section:News|sectionAsset:News|first_level_url:symbol|button:Title|lock_status:No|line:1
"Thu, Jul. 02",Tesla revamps plan for Giga Berlin,https://seekingalpha.com/news/3588423-tesla-revamps-plan-for-giga-berlin?source=content_type:react|section:News|sectionAsset:News|first_level_url:symbol|button:Title|lock_status:No|line:2
"Thu, Jul. 02",Tesla Q2 deliveries top 90K vs. 83K estimate; shares up 10%,https://seekingalpha.com/news/3588220-tesla-q2-deliveries-top-90k-vs-83k-estimate-shares-up-10?source=content_type:react|section:News|sectionAsset:News|first_level_url:symbol|button:Title|lock_status:No|line:3
"Wed, Jul. 01",Some clean energy ETFs shine in brutal first half for fossil fuels,https://seekingalpha.com/news/3587797-clean-energy-etfs-shine-in-brutal-first-half-for-fossil-fuels?source=content_type:react|section:News|sectionAsset:News|first_level_url:symbol|button:Title|lock_status:No|line:4
"Wed, Jul. 01",Tesla rallies more to become the most valuable automaker,https://seekingalpha.com/news/3587760-tesla-rallies-to-become-valuable-automaker?source=content_type:react|section:News|sectionAsset:News|first_level_url:symbol|button:Title|lock_status:No|line:5
"Tue, Jun. 30","Tesla investors frontrun deliveries report, potential S&P 500 inclusion",https://seekingalpha.com/news/3587442-tesla-investors-frontrun-deliveries-report-potential-s-and-p-500-inclusion?source=content_type:react|section:News|sectionAsset:News|first_level_url:symbol|button:Title|lock_status:No|line:6
"Tue, Jun. 30",Germany called a bright spot for Tesla,https://seekingalpha.com/news/3587359-germany-called-bright-spot-for-tesla?source=content_type:react|section:News|sectionAsset:News|first_level_url:symbol|button:Title|lock_status:No|line:7
"Tue, Jun. 30",'Breaking even is looking super tight' - Musk,https://seekingalpha.com/news/3587191-breaking-even-is-looking-super-tight-musk?source=content_type:react|section:News|sectionAsset:News|first_level_url:symbol|button:Title|lock_status:No|line:8
"Mon, Jun. 29",EV pickups look for mainstream appeal,https://seekingalpha.com/news/3587122-ev-pickups-look-for-mainstream-appeal?source=content_type:react|section:News|sectionAsset:News|first_level_url:symbol|button:Title|lock_status:No|line:9
"Mon, Jun. 29",EV names lead auto sector higher,https://seekingalpha.com/news/3586938-ev-names-lead-auto-sector-higher?source=content_type:react|section:News|sectionAsset:News|first_level_url:symbol|button:Title|lock_status:No|line:10
"Mon, Jun. 29",Tesla seen topping Q2 deliveries expectations,https://seekingalpha.com/news/3586805-tesla-seen-topping-q2-deliveries-expectations?source=content_type:react|section:News|sectionAsset:News|first_level_url:symbol|button:Title|lock_status:No|line:11
"Sun, Jun. 28",Sector Watch: Can Tesla deliveries lead autos as incentives wane?,https://seekingalpha.com/news/3586733-sector-watch-can-tesla-deliveries-lead-autos-incentives-wane?source=content_type:react|section:News|sectionAsset:News|first_level_url:symbol|button:Title|lock_status:No|line:12
"Fri, Jun. 26",Bezos a copycat - Elon Musk comments on Amazon's Zoox purchase,https://seekingalpha.com/news/3586613-bezos-copycat-elon-musk-comments-on-amazons-zoox-purchase?source=content_type:react|section:News|sectionAsset:News|first_level_url:symbol|button:Title|lock_status:No|line:13
"Fri, Jun. 26",Amazon drives into autonomous vehicle chase with Zoox acquisition,https://seekingalpha.com/news/3586522-amazon-drives-autonomous-vehicle-chase-zoox-acquisition?source=content_type:react|section:News|sectionAsset:News|first_level_url:symbol|button:Title|lock_status:No|line:14
"Thu, Jun. 25",Tesla workers claim they were terminated for safety complaints,https://seekingalpha.com/news/3586227-tesla-workers-claim-terminated-for-safety-complaints?source=content_type:react|section:News|sectionAsset:News|first_level_url:symbol|button:Title|lock_status:No|line:15
"Thu, Jun. 25",Stage is set for the 2021 Ford F-150,https://seekingalpha.com/news/3586003-stage-is-set-for-2021-ford-fminus-150?source=content_type:react|section:News|sectionAsset:News|first_level_url:symbol|button:Title|lock_status:No|line:16
"Wed, Jun. 24",Dodge shocks with top overall quality marks from J.D. Power,https://seekingalpha.com/news/3585836-dodge-shocks-top-overall-quality-marks-from-j-d-power?source=content_type:react|section:News|sectionAsset:News|first_level_url:symbol|button:Title|lock_status:No|line:17
"Wed, Jun. 24",NHTSA probes Tesla over Model S touchscreens,https://seekingalpha.com/news/3585739-nhtsa-probes-tesla-over-model-s-touchscreens?source=content_type:react|section:News|sectionAsset:News|first_level_url:symbol|button:Title|lock_status:No|line:18
"Tue, Jun. 23",Wait for a better entry point on Tesla - Morgan Stanley,https://seekingalpha.com/news/3585362-wait-for-better-entry-point-on-tesla-morgan-stanley?source=content_type:react|section:News|sectionAsset:News|first_level_url:symbol|button:Title|lock_status:No|line:19
"Tue, Jun. 23",Nevada supports clean car program,https://seekingalpha.com/news/3585272-nevada-supports-clean-car-program?source=content_type:react|section:News|sectionAsset:News|first_level_url:symbol|button:Title|lock_status:No|line:20
"Mon, Jun. 22",Cybertruck expected to hit the market strong,https://seekingalpha.com/news/3585157-cybertruck-expected-to-hit-market-strong?source=content_type:react|section:News|sectionAsset:News|first_level_url:symbol|button:Title|lock_status:No|line:21
"Mon, Jun. 22",Tesla expected to offer 7-seat Model Y,https://seekingalpha.com/news/3584843-tesla-expected-to-offer-7-seat-model-y?source=content_type:react|section:News|sectionAsset:News|first_level_url:symbol|button:Title|lock_status:No|line:22
"Sat, Jun. 20","Tesla will postpone annual meeting, Musk says",https://seekingalpha.com/news/3584749-tesla-will-postpone-annual-meeting-musk-says?source=content_type:react|section:News|sectionAsset:News|first_level_url:symbol|button:Title|lock_status:No|line:23
"Fri, Jun. 19",J.P. Morgan favors these names for the stunning auto-sales recovery,https://seekingalpha.com/news/3584727-j-p-morgan-favors-names-for-stunning-auto-sales-recovery?source=content_type:react|section:News|sectionAsset:News|first_level_url:symbol|button:Title|lock_status:Archived|line:24
"Fri, Jun. 19",JPMorgan pitches a tent in the Tesla bear camp,https://seekingalpha.com/news/3584603-jpmorgan-pitches-tent-in-tesla-bear-camp?source=content_type:react|section:News|sectionAsset:News|first_level_url:symbol|button:Title|lock_status:No|line:25
"Fri, Jun. 19",BMW and Mercedes go down different self-driving roads,https://seekingalpha.com/news/3584494-bmw-and-mercedes-go-down-different-self-driving-roads?source=content_type:react|section:News|sectionAsset:News|first_level_url:symbol|button:Title|lock_status:No|line:26
"Thu, Jun. 18",Tesla pushes for sweet deal in Texas,https://seekingalpha.com/news/3584284-tesla-pushes-for-sweet-deal-in-texas?source=content_type:react|section:News|sectionAsset:News|first_level_url:symbol|button:Title|lock_status:No|line:27
"Thu, Jun. 18",Tesla widening the gap with peers - Jefferies,https://seekingalpha.com/news/3584195-tesla-widening-gap-peers-jefferies?source=content_type:react|section:News|sectionAsset:News|first_level_url:symbol|button:Title|lock_status:No|line:28
"Thu, Jun. 18",Board drama at Tesla as shares near $1K again,https://seekingalpha.com/news/3584088-board-drama-tesla-shares-near-1k-again?source=content_type:react|section:News|sectionAsset:News|first_level_url:symbol|button:Title|lock_status:No|line:29
"Wed, Jun. 17",Tesla gets a pass for drop in California demand,https://seekingalpha.com/news/3583842-tesla-gets-pass-for-drop-in-california-demand?source=content_type:react|section:News|sectionAsset:News|first_level_url:symbol|button:Title|lock_status:No|line:30
"Wed, Jun. 17","Tesla's California registrations fell 37% in recent months, the WSJ reports",https://seekingalpha.com/news/3583742-teslas-california-registrations-fell-37-in-recent-months-wsj-reports?source=content_type:react|section:News|sectionAsset:News|first_level_url:symbol|button:Title|lock_status:No|line:31
"Tue, Jun. 16",Model Y complaints start to stack up,https://seekingalpha.com/news/3583601-model-y-complaints-start-to-stack-up?source=content_type:react|section:News|sectionAsset:News|first_level_url:symbol|button:Title|lock_status:No|line:32
"Tue, Jun. 16",Glencore to sell cobalt to Tesla for new car plants - FT,https://seekingalpha.com/news/3583333-glencore-to-sell-cobalt-to-tesla-for-new-car-plants-ft?source=content_type:react|section:News|sectionAsset:News|first_level_url:symbol|button:Title|lock_status:No|line:33
"Mon, Jun. 15",Austin closes in on Tesla plant offer,https://seekingalpha.com/news/3583129-austin-closes-in-on-tesla-plant-offer?source=content_type:react|section:News|sectionAsset:News|first_level_url:symbol|button:Title|lock_status:No|line:34
"Mon, Jun. 15",Biggest increase in three years for EV charging points,https://seekingalpha.com/news/3582859-biggest-increase-in-three-years-for-ev-charging-points?source=content_type:react|section:News|sectionAsset:News|first_level_url:symbol|button:Title|lock_status:No|line:35
"Mon, Jun. 15",Main Street has killed Wall Street during this rally. Here are the stocks they're buying,https://seekingalpha.com/news/3582858-main-street-killed-wall-street-during-this-rally-are-stocks-buying?source=content_type:react|section:News|sectionAsset:News|first_level_url:symbol|button:Title|lock_status:No|line:36
"Sat, Jun. 13",EV semis move toward proof of concept,https://seekingalpha.com/news/3582826-ev-semis-move-toward-proof-of-concept?source=content_type:react|section:News|sectionAsset:News|first_level_url:symbol|button:Title|lock_status:No|line:37
"Fri, Jun. 12","Tesla cut at Morgan Stanley on Amazon, China risk",https://seekingalpha.com/news/3582602-tesla-cut-morgan-stanley-on-amazon-china-risk?source=content_type:react|section:News|sectionAsset:News|first_level_url:symbol|button:Title|lock_status:No|line:38
"Fri, Jun. 12",GM over Tesla for the near term - Goldman Sachs,https://seekingalpha.com/news/3582550-gm-over-tesla-for-near-term-goldman-sachs?source=content_type:react|section:News|sectionAsset:News|first_level_url:symbol|button:Title|lock_status:No|line:39
"Thu, Jun. 11",Nowhere to hide in auto sector today,https://seekingalpha.com/news/3582369-nowhere-to-hide-in-auto-sector-today?source=content_type:react|section:News|sectionAsset:News|first_level_url:symbol|button:Title|lock_status:No|line:40
"Thu, Jun. 11",China Model 3s approved with LFP batteries,https://seekingalpha.com/news/3582162-china-model-3s-approved-lfp-batteries?source=content_type:react|section:News|sectionAsset:News|first_level_url:symbol|button:Title|lock_status:No|line:41
"Wed, Jun. 10","Tesla tops $1,000",https://seekingalpha.com/news/3581925-tesla-tops-1000?source=content_type:react|section:News|sectionAsset:News|first_level_url:symbol|button:Title|lock_status:No|line:42
"Wed, Jun. 10","Tesla nears $1,000 as investors eye Semi, China potential",https://seekingalpha.com/news/3581845-tesla-nears-1000-investors-eye-semi-china-potential?source=content_type:react|section:News|sectionAsset:News|first_level_url:symbol|button:Title|lock_status:No|line:43
"Wed, Jun. 10",Tesla tagged with higher price target at Wedbush,https://seekingalpha.com/news/3581813-tesla-tagged-higher-price-target-wedbush?source=content_type:react|section:News|sectionAsset:News|first_level_url:symbol|button:Title|lock_status:No|line:44
"Tue, Jun. 09",Time for a Nikola Tesla ETF?,https://seekingalpha.com/news/3581562-time-for-nikola-tesla-etf?source=content_type:react|section:News|sectionAsset:News|first_level_url:symbol|button:Title|lock_status:No|line:45
"Tue, Jun. 09",Tesla just getting started - Ron Baron,https://seekingalpha.com/news/3581465-tesla-just-getting-started-ron-baron?source=content_type:react|section:News|sectionAsset:News|first_level_url:symbol|button:Title|lock_status:No|line:46
"Tue, Jun. 09",Musk says Model Y facing production and supply chain issues,https://seekingalpha.com/news/3581370-musk-says-model-y-facing-production-and-supply-chain-issues?source=content_type:react|section:News|sectionAsset:News|first_level_url:symbol|button:Title|lock_status:No|line:47
"Mon, Jun. 08",Tesla +4% on strong bullish vibe,https://seekingalpha.com/news/3581157-teslaplus-4-on-strong-bullish-vibe?source=content_type:react|section:News|sectionAsset:News|first_level_url:symbol|button:Title|lock_status:No|line:48
"Mon, Jun. 08",Tesla China model 3 sales volume triples in May,https://seekingalpha.com/news/3581005-tesla-china-model-3-sales-volume-triples-in-may?source=content_type:react|section:News|sectionAsset:News|first_level_url:symbol|button:Title|lock_status:No|line:49
"Thu, Jun. 04","Tesla's Musk throws down on Amazon, calls for breakup",https://seekingalpha.com/news/3580558-teslas-musk-throws-down-on-amazon-calls-for-breakup?source=content_type:react|section:News|sectionAsset:News|first_level_url:symbol|button:Title|lock_status:No|line:50
"Thu, Jun. 04",Siemens-AES JV plans massive Tesla-beating lithium ion batteries,https://seekingalpha.com/news/3580517-siemens-aes-jv-plans-massive-tesla-beating-lithium-ion-batteries?source=content_type:react|section:News|sectionAsset:News|first_level_url:symbol|button:Title|lock_status:No|line:51
"Thu, Jun. 04",Germany ramps up EV incentives,https://seekingalpha.com/news/3580515-germany-ramps-up-ev-incentives?source=content_type:react|section:News|sectionAsset:News|first_level_url:symbol|button:Title|lock_status:No|line:52
"Thu, Jun. 04",Nikola goes public via VectoIQ merger,https://seekingalpha.com/news/3580494-nikola-goes-public-via-vectoiq-merger?source=content_type:react|section:News|sectionAsset:News|first_level_url:symbol|button:Title|lock_status:No|line:53
"Thu, Jun. 04",GM plots electric van to preempt Tesla,https://seekingalpha.com/news/3580326-gm-plots-electric-van-to-preempt-tesla?source=content_type:react|section:News|sectionAsset:News|first_level_url:symbol|button:Title|lock_status:No|line:54
"Tue, Jun. 02",Cities push ahead with Tesla truck factory pursuit,https://seekingalpha.com/news/3579523-cities-push-ahead-tesla-truck-factory-pursuit?source=content_type:react|section:News|sectionAsset:News|first_level_url:symbol|button:Title|lock_status:No|line:55
"Tue, Jun. 02",China auto sales gain for second month in a row,https://seekingalpha.com/news/3579488-china-auto-sales-gain-for-second-month-in-row?source=content_type:react|section:News|sectionAsset:News|first_level_url:symbol|button:Title|lock_status:No|line:56
"Mon, Jun. 01",Rocket boost for Tesla,https://seekingalpha.com/news/3579213-rocket-boost-for-tesla?source=content_type:react|section:News|sectionAsset:News|first_level_url:symbol|button:Title|lock_status:No|line:57
"Mon, Jun. 01",Tesla expected to deliver Model Ys faster,https://seekingalpha.com/news/3578919-tesla-expected-to-deliver-model-ys-faster?source=content_type:react|section:News|sectionAsset:News|first_level_url:symbol|button:Title|lock_status:No|line:58
"Sat, May 30",SpaceX liftoff a success after week's earlier scrapping,https://seekingalpha.com/news/3578831-spacex-liftoff-success-after-weeks-earlier-scrapping?source=content_type:react|section:News|sectionAsset:News|first_level_url:symbol|button:Title|lock_status:No|line:59
"Fri, May 29",EV sales forecast to soar in 2021,https://seekingalpha.com/news/3578754-ev-sales-forecast-to-soar-in-2021?source=content_type:react|section:News|sectionAsset:News|first_level_url:symbol|button:Title|lock_status:No|line:60
"Fri, May 29",SpaceX borrows some Tesla employees,https://seekingalpha.com/news/3578577-spacex-borrows-tesla-employees?source=content_type:react|section:News|sectionAsset:News|first_level_url:symbol|button:Title|lock_status:No|line:61
"Thu, May 28",Elon Musk earns $775M performance-based payout,https://seekingalpha.com/news/3578470-elon-musk-earns-775m-performance-based-payout?source=content_type:react|section:News|sectionAsset:News|first_level_url:symbol|button:Title|lock_status:No|line:62
"Wed, May 27","In volatile market, Morgan Stanley chooses secular growth winners",https://seekingalpha.com/news/3578014-in-volatile-market-morgan-stanley-chooses-secular-growth-winners?source=content_type:react|section:News|sectionAsset:News|first_level_url:symbol|button:Title|lock_status:Archived|line:63
"Wed, May 27",Tesla catches PT boost from Wedbush,https://seekingalpha.com/news/3577827-tesla-catches-pt-boost-from-wedbush?source=content_type:react|section:News|sectionAsset:News|first_level_url:symbol|button:Title|lock_status:No|line:64
"Wed, May 27","Tesla to cut prices for some models in North America, China",https://seekingalpha.com/news/3577739-tesla-to-cut-prices-for-models-in-north-america-china?source=content_type:react|section:News|sectionAsset:News|first_level_url:symbol|button:Title|lock_status:No|line:65
"Sat, May 23",Tesla seeks to build Model 3 with LFP batteries in China - Reuters,https://seekingalpha.com/news/3577314-tesla-seeks-to-build-model-3-lfp-batteries-in-china-reuters?source=content_type:react|section:News|sectionAsset:News|first_level_url:symbol|button:Title|lock_status:No|line:66
"Fri, May 22",Online auto shopping on the rise,https://seekingalpha.com/news/3577240-online-auto-shopping-on-rise?source=content_type:react|section:News|sectionAsset:News|first_level_url:symbol|button:Title|lock_status:No|line:67
"Thu, May 21",Ackman tempts Musk to join cities with Howard Hughes presence,https://seekingalpha.com/news/3576892-ackman-tempts-musk-to-join-cities-howard-hughes-presence?source=content_type:react|section:News|sectionAsset:News|first_level_url:symbol|button:Title|lock_status:No|line:68
"Thu, May 21",Construction buzzing at Tesla's Shanghai Gigafactory - Electrek,https://seekingalpha.com/news/3576856-construction-buzzing-teslas-shanghai-gigafactory-electrek?source=content_type:react|section:News|sectionAsset:News|first_level_url:symbol|button:Title|lock_status:No|line:69
"Thu, May 21",Does Tesla need an operational leader?,https://seekingalpha.com/news/3576805-tesla-need-operational-leader?source=content_type:react|section:News|sectionAsset:News|first_level_url:symbol|button:Title|lock_status:No|line:70
"Thu, May 21",Tesla gives anxious Fremont workers an option,https://seekingalpha.com/news/3576750-tesla-gives-anxious-fremont-workers-option?source=content_type:react|section:News|sectionAsset:News|first_level_url:symbol|button:Title|lock_status:No|line:71
"Wed, May 20",Tesla abandons lawsuit to keep California plant open - CNBC,https://seekingalpha.com/news/3576600-tesla-abandons-lawsuit-to-keep-california-plant-open-cnbc?source=content_type:react|section:News|sectionAsset:News|first_level_url:symbol|button:Title|lock_status:No|line:72
"Tue, May 19",Tesla's China registrations slump in April,https://seekingalpha.com/news/3575786-teslas-china-registrations-slump-in-april?source=content_type:react|section:News|sectionAsset:News|first_level_url:symbol|button:Title|lock_status:No|line:73
"Mon, May 18",Morgan Stanley still stuck in neutral on Tesla,https://seekingalpha.com/news/3575663-morgan-stanley-still-stuck-in-neutral-on-tesla?source=content_type:react|section:News|sectionAsset:News|first_level_url:symbol|button:Title|lock_status:No|line:74
"Mon, May 18",Expansion could be back on for Nevada Gigafactory,https://seekingalpha.com/news/3575657-expansion-be-back-on-for-nevada-gigafactory?source=content_type:react|section:News|sectionAsset:News|first_level_url:symbol|button:Title|lock_status:No|line:75
"Mon, May 18",Tesla eyes S&P 500 inclusion,https://seekingalpha.com/news/3575571-tesla-eyes-s-and-p-500-inclusion?source=content_type:react|section:News|sectionAsset:News|first_level_url:symbol|button:Title|lock_status:No|line:76
"Sun, May 17",Tesla tells employees it received a nod to reopen California plant,https://seekingalpha.com/news/3575354-tesla-tells-employees-received-nod-to-reopen-california-plant?source=content_type:react|section:News|sectionAsset:News|first_level_url:symbol|button:Title|lock_status:No|line:77
"Sat, May 16","Appaloosa Management buys Twitter, exits Caesars, cuts Facebook",https://seekingalpha.com/news/3575343-appaloosa-management-buys-twitter-exits-caesars-cuts-facebook?source=content_type:react|section:News|sectionAsset:News|first_level_url:symbol|button:Title|lock_status:No|line:78
"Sat, May 16",Saudi sovereign Fund adds Facebook and Disney to holdings,https://seekingalpha.com/news/3575337-saudi-sovereign-fund-adds-facebook-and-disney-to-holdings?source=content_type:react|section:News|sectionAsset:News|first_level_url:symbol|button:Title|lock_status:No|line:79
"Fri, May 15","Panasonic resumes work at Tesla Nevada facility, delays New York start",https://seekingalpha.com/news/3575328-panasonic-resumes-work-tesla-nevada-facility-delays-new-york-start?source=content_type:react|section:News|sectionAsset:News|first_level_url:symbol|button:Title|lock_status:No|line:80
"Fri, May 15",Austin expected to land next Tesla Gigafactory,https://seekingalpha.com/news/3575202-austin-expected-to-land-next-tesla-gigafactory?source=content_type:react|section:News|sectionAsset:News|first_level_url:symbol|button:Title|lock_status:No|line:81
"Thu, May 14",Tesla plans for electrifying reveal at Battery Day,https://seekingalpha.com/news/3574563-tesla-plans-for-electrifying-reveal-battery-day?source=content_type:react|section:News|sectionAsset:News|first_level_url:symbol|button:Title|lock_status:No|line:82
"Thu, May 14",Tesla employees face return to work dilemma,https://seekingalpha.com/news/3574286-tesla-employees-face-return-to-work-dilemma?source=content_type:react|section:News|sectionAsset:News|first_level_url:symbol|button:Title|lock_status:No|line:83
"Wed, May 13",Tesla dips after California AG chimes in,https://seekingalpha.com/news/3573986-tesla-dips-after-california-ag-chimes-in?source=content_type:react|section:News|sectionAsset:News|first_level_url:symbol|button:Title|lock_status:No|line:84
"Wed, May 13",Tesla tipped to cut Model 3 prices in China,https://seekingalpha.com/news/3573933-tesla-tipped-to-cut-model-3-prices-in-china?source=content_type:react|section:News|sectionAsset:News|first_level_url:symbol|button:Title|lock_status:No|line:85
"Wed, May 13",Tesla can reopen Fremont with additional precautions,https://seekingalpha.com/news/3573713-tesla-can-reopen-fremont-additional-precautions?source=content_type:react|section:News|sectionAsset:News|first_level_url:symbol|button:Title|lock_status:No|line:86
"Tue, May 12",Tesla gains as POTUS backs Fremont opening,https://seekingalpha.com/news/3573417-tesla-gains-potus-backs-fremont-opening?source=content_type:react|section:News|sectionAsset:News|first_level_url:symbol|button:Title|lock_status:No|line:87
"Mon, May 11",Alameda doesn't handcuff Tesla,https://seekingalpha.com/news/3573161-alameda-doesnt-handcuff-tesla?source=content_type:react|section:News|sectionAsset:News|first_level_url:symbol|button:Title|lock_status:No|line:88
"Mon, May 11","Tesla ignores local authorities, to restart production in Fremont",https://seekingalpha.com/news/3573067-tesla-ignores-local-authorities-to-restart-production-in-fremont?source=content_type:react|section:News|sectionAsset:News|first_level_url:symbol|button:Title|lock_status:No|line:89
"Mon, May 11",Texas pursues Tesla,https://seekingalpha.com/news/3572834-texas-pursues-tesla?source=content_type:react|section:News|sectionAsset:News|first_level_url:symbol|button:Title|lock_status:No|line:90
"Mon, May 11",Tesla lower as relocation risk sized up,https://seekingalpha.com/news/3572621-tesla-lower-relocation-risk-sized-up?source=content_type:react|section:News|sectionAsset:News|first_level_url:symbol|button:Title|lock_status:No|line:91
"Mon, May 11",Tesla model 3 sales in China plunge 64% in April,https://seekingalpha.com/news/3572467-tesla-model-3-sales-in-china-plunge-64-in-april?source=content_type:react|section:News|sectionAsset:News|first_level_url:symbol|button:Title|lock_status:No|line:92
"Sat, May 09",Musk says Tesla is done with California,https://seekingalpha.com/news/3572392-musk-says-tesla-is-done-california?source=content_type:react|section:News|sectionAsset:News|first_level_url:symbol|button:Title|lock_status:No|line:93
"Sat, May 09",Tesla secures lending line in China,https://seekingalpha.com/news/3572384-tesla-secures-lending-line-in-china?source=content_type:react|section:News|sectionAsset:News|first_level_url:symbol|button:Title|lock_status:No|line:94
"Fri, May 08",Tesla not yet cleared to reopen California plant,https://seekingalpha.com/news/3572372-tesla-not-yet-cleared-to-reopen-california-plant?source=content_type:react|section:News|sectionAsset:News|first_level_url:symbol|button:Title|lock_status:No|line:95
"Fri, May 08",Tesla rallies right past report of European chief exit,https://seekingalpha.com/news/3572232-tesla-rallies-right-past-report-of-european-chief-exit?source=content_type:react|section:News|sectionAsset:News|first_level_url:symbol|button:Title|lock_status:No|line:96
"Fri, May 08",Tesla set to restart operations at Fremont,https://seekingalpha.com/news/3572009-tesla-set-to-restart-operations-fremont?source=content_type:react|section:News|sectionAsset:News|first_level_url:symbol|button:Title|lock_status:No|line:97
"Thu, May 07",Tesla extends break at Shanghai plant,https://seekingalpha.com/news/3571321-tesla-extends-break-shanghai-plant?source=content_type:react|section:News|sectionAsset:News|first_level_url:symbol|button:Title|lock_status:No|line:98
"Thu, May 07",Green shoots in China auto,https://seekingalpha.com/news/3571207-green-shoots-in-china-auto?source=content_type:react|section:News|sectionAsset:News|first_level_url:symbol|button:Title|lock_status:No|line:99
"Wed, May 06",Model 3 tops the list in collapsed U.K. market,https://seekingalpha.com/news/3570007-model-3-tops-list-in-collapsed-u-k-market?source=content_type:react|section:News|sectionAsset:News|first_level_url:symbol|button:Title|lock_status:No|line:100
"Tue, May 05","Ferrari tops Detroit Three, Tesla tops all",https://seekingalpha.com/news/3568836-ferrari-tops-detroit-three-tesla-tops-all?source=content_type:react|section:News|sectionAsset:News|first_level_url:symbol|button:Title|lock_status:No|line:101
"Mon, May 04",Tesla +6% with Musk tweet in rear-view mirror,https://seekingalpha.com/news/3568322-teslaplus-6-musk-tweet-in-rear-view-mirror?source=content_type:react|section:News|sectionAsset:News|first_level_url:symbol|button:Title|lock_status:No|line:102
"Mon, May 04",EVs remain a priority in China,https://seekingalpha.com/news/3568072-evs-remain-priority-in-china?source=content_type:react|section:News|sectionAsset:News|first_level_url:symbol|button:Title|lock_status:No|line:103
"Sun, May 03",A glut for the U.S. auto industry,https://seekingalpha.com/news/3567994-glut-for-u-s-auto-industry?source=content_type:react|section:News|sectionAsset:News|first_level_url:symbol|button:Title|lock_status:No|line:104
"Sat, May 02",Tesla applies to provide electricity in U.K.- Telegraph,https://seekingalpha.com/news/3567984-tesla-applies-to-provide-electricity-in-u-k-telegraph?source=content_type:react|section:News|sectionAsset:News|first_level_url:symbol|button:Title|lock_status:No|line:105
"Sat, May 02",Tesla extends timeline on return to work,https://seekingalpha.com/news/3567948-tesla-extends-timeline-on-return-to-work?source=content_type:react|section:News|sectionAsset:News|first_level_url:symbol|button:Title|lock_status:No|line:106
"Fri, May 01",Elon Musk downgrades Tesla (updated),https://seekingalpha.com/news/3567716-elon-musk-downgrades-tesla-updated?source=content_type:react|section:News|sectionAsset:News|first_level_url:symbol|button:Title|lock_status:No|line:107
"Fri, May 01",Greenlight talks the longs and shorts of Q1,https://seekingalpha.com/news/3567693-greenlight-talks-longs-and-shorts-of-q1?source=content_type:react|section:News|sectionAsset:News|first_level_url:symbol|button:Title|lock_status:No|line:108
"Fri, May 01",Einhorn's Greenlight Capital slips again in April,https://seekingalpha.com/news/3567657-einhorns-greenlight-capital-slips-again-in-april?source=content_type:react|section:News|sectionAsset:News|first_level_url:symbol|button:Title|lock_status:No|line:109
"Fri, May 01",Tesla drops Model 3 prices in China for subsidy inclusion,https://seekingalpha.com/news/3567607-tesla-drops-model-3-prices-in-china-for-subsidy-inclusion?source=content_type:react|section:News|sectionAsset:News|first_level_url:symbol|button:Title|lock_status:No|line:110
"Thu, Apr. 30",Einhorn barks at Musk again,https://seekingalpha.com/news/3567084-einhorn-barks-musk-again?source=content_type:react|section:News|sectionAsset:News|first_level_url:symbol|button:Title|lock_status:No|line:111
"Thu, Apr. 30",Tesla pares early pop after the dust settles,https://seekingalpha.com/news/3567031-tesla-pares-early-pop-after-dust-settles?source=content_type:react|section:News|sectionAsset:News|first_level_url:symbol|button:Title|lock_status:No|line:112
"Thu, Apr. 30","Lockdowns are 'fascist,' says Musk, Zuckerberg disagrees",https://seekingalpha.com/news/3566645-lockdowns-are-fascist-says-musk-zuckerberg-disagrees?source=content_type:react|section:News|sectionAsset:News|first_level_url:symbol|button:Title|lock_status:No|line:113
"Wed, Apr. 29",Wedbush sees Tesla hitting 100K run rate in China,https://seekingalpha.com/news/3566586-wedbush-sees-tesla-hitting-100k-run-rate-in-china?source=content_type:react|section:News|sectionAsset:News|first_level_url:symbol|button:Title|lock_status:No|line:114
"Wed, Apr. 29",Tesla +10% with a plan to put the pedal to the metal (updated),https://seekingalpha.com/news/3566583-teslaplus-10-plan-to-put-pedal-to-metal-updated?source=content_type:react|section:News|sectionAsset:News|first_level_url:symbol|button:Title|lock_status:No|line:115
"Wed, Apr. 29",Tesla rides higher after surprise Q1 profit,https://seekingalpha.com/news/3566442-tesla-rides-higher-after-surprise-q1-profit?source=content_type:react|section:News|sectionAsset:News|first_level_url:symbol|button:Title|lock_status:No|line:116
"Wed, Apr. 29","Tesla EPS beats by $1.45, beats on revenue",https://seekingalpha.com/news/3566378-tesla-eps-beats-1_45-beats-on-revenue?source=content_type:react|section:News|sectionAsset:News|first_level_url:symbol|button:Title|lock_status:No|line:117
"Tue, Apr. 28",Tesla Q1 2020 Earnings Preview,https://seekingalpha.com/news/3565657-tesla-q1-2020-earnings-preview?source=content_type:react|section:News|sectionAsset:News|first_level_url:symbol|button:Title|lock_status:No|line:118
"Tue, Apr. 28",Huge payday looming for Elon Musk,https://seekingalpha.com/news/3565203-huge-payday-looming-for-elon-musk?source=content_type:react|section:News|sectionAsset:News|first_level_url:symbol|button:Title|lock_status:No|line:119
"Mon, Apr. 27","Into earnings, Baird points to high-interest Energy Tech names",https://seekingalpha.com/news/3565025-earnings-baird-points-to-high-interest-energy-tech-names?source=content_type:react|section:News|sectionAsset:News|first_level_url:symbol|button:Title|lock_status:Archived|line:120
"Mon, Apr. 27",Tesla reverses plan to bring workers back to Fremont plant - CNBC,https://seekingalpha.com/news/3564976-tesla-reverses-plan-to-bring-workers-back-to-fremont-plant-cnbc?source=content_type:react|section:News|sectionAsset:News|first_level_url:symbol|button:Title|lock_status:No|line:121
"Mon, Apr. 27",Tesla rallies even with Fremont opening date unclear,https://seekingalpha.com/news/3564811-tesla-rallies-even-fremont-opening-date-unclear?source=content_type:react|section:News|sectionAsset:News|first_level_url:symbol|button:Title|lock_status:No|line:122
"Mon, Apr. 27",Tesla +4% as earnings day approaches,https://seekingalpha.com/news/3564647-teslaplus-4-earnings-day-approaches?source=content_type:react|section:News|sectionAsset:News|first_level_url:symbol|button:Title|lock_status:No|line:123
"Sat, Apr. 25",Tesla calling some workers back to California plant next week - Bloomberg,https://seekingalpha.com/news/3564421-tesla-calling-workers-back-to-california-plant-next-week-bloomberg?source=content_type:react|section:News|sectionAsset:News|first_level_url:symbol|button:Title|lock_status:No|line:124
"Sat, Apr. 25",Texas in the mix for Tesla plant,https://seekingalpha.com/news/3564401-texas-in-mix-for-tesla-plant?source=content_type:react|section:News|sectionAsset:News|first_level_url:symbol|button:Title|lock_status:No|line:125
"Fri, Apr. 24",Musk: Tesla will build cybertrucks wherever new factory lands,https://seekingalpha.com/news/3564386-musk-tesla-will-build-cybertrucks-wherever-new-factory-lands?source=content_type:react|section:News|sectionAsset:News|first_level_url:symbol|button:Title|lock_status:No|line:126
"Fri, Apr. 24",Tesla raises China prices after subsidies cut,https://seekingalpha.com/news/3564034-tesla-raises-china-prices-after-subsidies-cut?source=content_type:react|section:News|sectionAsset:News|first_level_url:symbol|button:Title|lock_status:No|line:127
"Thu, Apr. 23",Tesla's new board member likes to take on shorts,https://seekingalpha.com/news/3563998-teslas-new-board-member-likes-to-take-on-shorts?source=content_type:react|section:News|sectionAsset:News|first_level_url:symbol|button:Title|lock_status:No|line:128
"Wed, Apr. 22",BofA sees Tesla going in reverse,https://seekingalpha.com/news/3562962-bofa-sees-tesla-going-in-reverse?source=content_type:react|section:News|sectionAsset:News|first_level_url:symbol|button:Title|lock_status:No|line:129
"Mon, Apr. 20","Robinhood names top 10 stocks in March, as platform saw surging volumes",https://seekingalpha.com/news/3562341-robinhood-names-top-10-stocks-in-march-platform-saw-surging-volumes?source=content_type:react|section:News|sectionAsset:News|first_level_url:symbol|button:Title|lock_status:No|line:130
"Fri, Apr. 17",Tesla keeps trucking higher,https://seekingalpha.com/news/3561806-tesla-keeps-trucking-higher?source=content_type:react|section:News|sectionAsset:News|first_level_url:symbol|button:Title|lock_status:No|line:131
"Wed, Apr. 15",Lawsuit over Elon Musk's 'funding secured' tweet moves on,https://seekingalpha.com/news/3561035-lawsuit-over-elon-musks-funding-secured-tweet-moves-on?source=content_type:react|section:News|sectionAsset:News|first_level_url:symbol|button:Title|lock_status:No|line:132
"Wed, Apr. 15",Animal spirits firing up again on Tesla,https://seekingalpha.com/news/3560828-animal-spirits-firing-up-again-on-tesla?source=content_type:react|section:News|sectionAsset:News|first_level_url:symbol|button:Title|lock_status:No|line:133
"Wed, Apr. 15",Zoox agrees to settle lawsuit with Tesla for alleged trade secret theft,https://seekingalpha.com/news/3560735-zoox-agrees-to-settle-lawsuit-tesla-for-alleged-trade-secret-theft?source=content_type:react|section:News|sectionAsset:News|first_level_url:symbol|button:Title|lock_status:No|line:134
"Wed, Apr. 15",Tesla China registrations jump with Shanghai pumping out Model 3s,https://seekingalpha.com/news/3560733-tesla-china-registrations-jump-shanghai-pumping-out-model-3s?source=content_type:react|section:News|sectionAsset:News|first_level_url:symbol|button:Title|lock_status:No|line:135
"Tue, Apr. 14",Goldman Sachs a believer in Tesla,https://seekingalpha.com/news/3560727-goldman-sachs-believer-in-tesla?source=content_type:react|section:News|sectionAsset:News|first_level_url:symbol|button:Title|lock_status:No|line:136
"Tue, Apr. 14",Joplin makes a strong play for the Midwest Gigafactory,https://seekingalpha.com/news/3560563-joplin-makes-strong-play-for-midwest-gigafactory?source=content_type:react|section:News|sectionAsset:News|first_level_url:symbol|button:Title|lock_status:No|line:137
"Tue, Apr. 14",Auto sector burns cash with plants idled,https://seekingalpha.com/news/3560452-auto-sector-burns-cash-plants-idled?source=content_type:react|section:News|sectionAsset:News|first_level_url:symbol|button:Title|lock_status:No|line:138
"Tue, Apr. 14",Credit Suisse pulls bearish view on Tesla,https://seekingalpha.com/news/3560389-credit-suisse-pulls-bearish-view-on-tesla?source=content_type:react|section:News|sectionAsset:News|first_level_url:symbol|button:Title|lock_status:No|line:139
"Tue, Apr. 14",Tesla pursues rent reductions amid pandemic - WSJ,https://seekingalpha.com/news/3560357-tesla-pursues-rent-reductions-amid-pandemic-wsj?source=content_type:react|section:News|sectionAsset:News|first_level_url:symbol|button:Title|lock_status:No|line:140
"Fri, Apr. 10",Tesla to sell more Shanghai-built versions of Model 3,https://seekingalpha.com/news/3559911-tesla-to-sell-shanghai-built-versions-of-model-3?source=content_type:react|section:News|sectionAsset:News|first_level_url:symbol|button:Title|lock_status:No|line:141
"Thu, Apr. 09",China auto starts slow crawl back,https://seekingalpha.com/news/3559561-china-auto-starts-slow-crawl-back?source=content_type:react|section:News|sectionAsset:News|first_level_url:symbol|button:Title|lock_status:No|line:142
"Tue, Apr. 07","Tesla cuts pay, furloughs hourly workers until May 4",https://seekingalpha.com/news/3559190-tesla-cuts-pay-furloughs-hourly-workers-until-may-4?source=content_type:react|section:News|sectionAsset:News|first_level_url:symbol|button:Title|lock_status:No|line:143
"Tue, Apr. 07",Tesla jumps to four-week high,https://seekingalpha.com/news/3558991-tesla-jumps-to-four-week-high?source=content_type:react|section:News|sectionAsset:News|first_level_url:symbol|button:Title|lock_status:No|line:144
"Tue, Apr. 07",Longer range China-made Model 3,https://seekingalpha.com/news/3558840-longer-range-china-made-model-3?source=content_type:react|section:News|sectionAsset:News|first_level_url:symbol|button:Title|lock_status:No|line:145
"Mon, Apr. 06",Tesla +5% after Jefferies bump,https://seekingalpha.com/news/3558550-teslaplus-5-after-jefferies-bump?source=content_type:react|section:News|sectionAsset:News|first_level_url:symbol|button:Title|lock_status:No|line:146
"Sat, Apr. 04",Tesla letting off contract workers at US car and battery plants,https://seekingalpha.com/news/3558423-tesla-letting-off-contract-workers-us-car-and-battery-plants?source=content_type:react|section:News|sectionAsset:News|first_level_url:symbol|button:Title|lock_status:No|line:147
"Fri, Apr. 03",Tesla +7% as investors take the longer view,https://seekingalpha.com/news/3558273-teslaplus-7-investors-take-longer-view?source=content_type:react|section:News|sectionAsset:News|first_level_url:symbol|button:Title|lock_status:No|line:148
"Thu, Apr. 02",Tesla rallies after deliveries top 88K,https://seekingalpha.com/news/3557994-tesla-rallies-after-deliveries-top-88k?source=content_type:react|section:News|sectionAsset:News|first_level_url:symbol|button:Title|lock_status:No|line:149
"Thu, Apr. 02",Cybertruck talk picks up,https://seekingalpha.com/news/3557912-cybertruck-talk-picks-up?source=content_type:react|section:News|sectionAsset:News|first_level_url:symbol|button:Title|lock_status:No|line:150
"Thu, Apr. 02","Chanos covers Luckin short, warns on ""virus"" names",https://seekingalpha.com/news/3557907-chanos-covers-luckin-short-warns-on-virus-names?source=content_type:react|section:News|sectionAsset:News|first_level_url:symbol|button:Title|lock_status:No|line:151
"Wed, Apr. 01",Tesla seen riding out pandemic,https://seekingalpha.com/news/3557391-tesla-seen-riding-out-pandemic?source=content_type:react|section:News|sectionAsset:News|first_level_url:symbol|button:Title|lock_status:No|line:152
"Mon, Mar. 30",Tesla deliveries estimates to be dialed down,https://seekingalpha.com/news/3556581-tesla-deliveries-estimates-to-be-dialed-down?source=content_type:react|section:News|sectionAsset:News|first_level_url:symbol|button:Title|lock_status:No|line:153
"Fri, Mar. 27",Tesla to cut staff by 75% at Gigafactory 1,https://seekingalpha.com/news/3555740-tesla-to-cut-staff-75-gigafactory-1?source=content_type:react|section:News|sectionAsset:News|first_level_url:symbol|button:Title|lock_status:No|line:154
"Thu, Mar. 26",Tesla to start delivering ventilators to NY hospitals tonight,https://seekingalpha.com/news/3555683-tesla-to-start-delivering-ventilators-to-ny-hospitals-tonight?source=content_type:react|section:News|sectionAsset:News|first_level_url:symbol|button:Title|lock_status:No|line:155
"Thu, Mar. 26",Tesla informs employees about positive coronavirus cases,https://seekingalpha.com/news/3555540-tesla-informs-employees-positive-coronavirus-cases?source=content_type:react|section:News|sectionAsset:News|first_level_url:symbol|button:Title|lock_status:No|line:156
"Thu, Mar. 26",Giga New York to reopen for ventilator production,https://seekingalpha.com/news/3555317-giga-new-york-to-reopen-for-ventilator-production?source=content_type:react|section:News|sectionAsset:News|first_level_url:symbol|button:Title|lock_status:No|line:157
"Tue, Mar. 24",Tesla shakes off bear call,https://seekingalpha.com/news/3554621-tesla-shakes-off-bear-call?source=content_type:react|section:News|sectionAsset:News|first_level_url:symbol|button:Title|lock_status:No|line:158
"Tue, Mar. 24",Tesla nabs ventilators from China in COVID-19 fight,https://seekingalpha.com/news/3554589-tesla-nabs-ventilators-from-china-in-covidminus-19-fight?source=content_type:react|section:News|sectionAsset:News|first_level_url:symbol|button:Title|lock_status:No|line:159
"Mon, Mar. 23",Steep drop in U.S. auto sales forecast for full year,https://seekingalpha.com/news/3554244-steep-drop-in-u-s-auto-sales-forecast-for-full-year?source=content_type:react|section:News|sectionAsset:News|first_level_url:symbol|button:Title|lock_status:No|line:160
"Mon, Mar. 23",Automakers get green light for ventilators,https://seekingalpha.com/news/3554065-automakers-get-green-light-for-ventilators?source=content_type:react|section:News|sectionAsset:News|first_level_url:symbol|button:Title|lock_status:No|line:161
"Sun, Mar. 22",Musk discusses ventilators with Medtronic,https://seekingalpha.com/news/3554033-musk-discusses-ventilators-medtronic?source=content_type:react|section:News|sectionAsset:News|first_level_url:symbol|button:Title|lock_status:No|line:162
"Sat, Mar. 21",Panasonic pulls the plug at the Gigafactory for two weeks,https://seekingalpha.com/news/3553999-panasonic-pulls-plug-gigafactory-for-two-weeks?source=content_type:react|section:News|sectionAsset:News|first_level_url:symbol|button:Title|lock_status:No|line:163
"Fri, Mar. 20",Auto sector gains even as plants go dark,https://seekingalpha.com/news/3553850-auto-sector-gains-even-plants-go-dark?source=content_type:react|section:News|sectionAsset:News|first_level_url:symbol|button:Title|lock_status:No|line:164
"Thu, Mar. 19",Tesla suspends production in California,https://seekingalpha.com/news/3553565-tesla-suspends-production-in-california?source=content_type:react|section:News|sectionAsset:News|first_level_url:symbol|button:Title|lock_status:No|line:165
"Thu, Mar. 19",NTSB cites Tesla's Autopilot in fatal Model 3 crash,https://seekingalpha.com/news/3553481-ntsb-cites-teslas-autopilot-in-fatal-model-3-crash?source=content_type:react|section:News|sectionAsset:News|first_level_url:symbol|button:Title|lock_status:No|line:166
"Thu, Mar. 19",Tesla rallies with the lights still on in Fremont,https://seekingalpha.com/news/3553418-tesla-rallies-lights-still-on-in-fremont?source=content_type:react|section:News|sectionAsset:News|first_level_url:symbol|button:Title|lock_status:No|line:167
"Thu, Mar. 19",Wedbush expects rough road for Tesla in near term,https://seekingalpha.com/news/3553260-wedbush-expects-rough-road-for-tesla-in-near-term?source=content_type:react|section:News|sectionAsset:News|first_level_url:symbol|button:Title|lock_status:No|line:168
"Thu, Mar. 19",Tesla will make ventilators if there's a shortage,https://seekingalpha.com/news/3553213-tesla-will-make-ventilators-shortage?source=content_type:react|section:News|sectionAsset:News|first_level_url:symbol|button:Title|lock_status:No|line:169
"Wed, Mar. 18",Tesla keeping Fremont plant open with fraction of workers - Sheriff,https://seekingalpha.com/news/3553173-tesla-keeping-fremont-plant-open-fraction-of-workers-sheriff?source=content_type:react|section:News|sectionAsset:News|first_level_url:symbol|button:Title|lock_status:No|line:170
"Wed, Mar. 18",Detroit automakers close U.S. plants while Tesla holds out,https://seekingalpha.com/news/3553045-detroit-automakers-close-u-s-plants-while-tesla-holds-out?source=content_type:react|section:News|sectionAsset:News|first_level_url:symbol|button:Title|lock_status:No|line:171
"Wed, Mar. 18",Tesla -10% as Fremont production in question,https://seekingalpha.com/news/3552846-teslaminus-10-fremont-production-in-question?source=content_type:react|section:News|sectionAsset:News|first_level_url:symbol|button:Title|lock_status:No|line:172
"Tue, Mar. 17",Tesla plant not considered an essential Bay Area business,https://seekingalpha.com/news/3552754-tesla-plant-not-considered-essential-bay-area-business?source=content_type:react|section:News|sectionAsset:News|first_level_url:symbol|button:Title|lock_status:No|line:173
"Tue, Mar. 17",Morgan Stanley stress tests auto,https://seekingalpha.com/news/3552568-morgan-stanley-stress-tests-auto?source=content_type:react|section:News|sectionAsset:News|first_level_url:symbol|button:Title|lock_status:Archived|line:174
"Tue, Mar. 17",Tesla to stay running in Fremont,https://seekingalpha.com/news/3552415-tesla-to-stay-running-in-fremont?source=content_type:react|section:News|sectionAsset:News|first_level_url:symbol|button:Title|lock_status:No|line:175
"Tue, Mar. 17",Tesla delivers its first Model Y,https://seekingalpha.com/news/3552349-tesla-delivers-first-model-y?source=content_type:react|section:News|sectionAsset:News|first_level_url:symbol|button:Title|lock_status:No|line:176
"Tue, Mar. 17",RBC expects 20% decline in US vehicle sales amid coronavirus outbreak,https://seekingalpha.com/news/3552348-rbc-expects-20-decline-in-us-vehicle-sales-amid-coronavirus-outbreak?source=content_type:react|section:News|sectionAsset:News|first_level_url:symbol|button:Title|lock_status:No|line:177
"Mon, Mar. 16",Bernstein still sees Tesla as overvalued,https://seekingalpha.com/news/3552165-bernstein-still-sees-tesla-overvalued?source=content_type:react|section:News|sectionAsset:News|first_level_url:symbol|button:Title|lock_status:No|line:178
"Mon, Mar. 16",Transports reeling after U.S. shutdowns,https://seekingalpha.com/news/3552061-transports-reeling-after-u-s-shutdowns?source=content_type:react|section:News|sectionAsset:News|first_level_url:symbol|button:Title|lock_status:No|line:179
"Mon, Mar. 16",Tesla falls sharply as U.S. coronavirus anxiety ramps up,https://seekingalpha.com/news/3551923-tesla-falls-sharply-u-s-coronavirus-anxiety-ramps-up?source=content_type:react|section:News|sectionAsset:News|first_level_url:symbol|button:Title|lock_status:No|line:180
"Fri, Mar. 13",U.S. auto set to zoom higher,https://seekingalpha.com/news/3551532-u-s-auto-set-to-zoom-higher?source=content_type:react|section:News|sectionAsset:News|first_level_url:symbol|button:Title|lock_status:No|line:181
"Thu, Mar. 12",Tesla posts double-digit drop,https://seekingalpha.com/news/3551195-tesla-posts-double-digit-drop?source=content_type:react|section:News|sectionAsset:News|first_level_url:symbol|button:Title|lock_status:No|line:182
"Thu, Mar. 12",Auto stocks slammed in early trading,https://seekingalpha.com/news/3550966-auto-stocks-slammed-in-early-trading?source=content_type:react|section:News|sectionAsset:News|first_level_url:symbol|button:Title|lock_status:No|line:183
"Tue, Mar. 10",Tesla looks to build Cybertruck in central U.S.,https://seekingalpha.com/news/3550396-tesla-looks-to-build-cybertruck-in-central-u-s?source=content_type:react|section:News|sectionAsset:News|first_level_url:symbol|button:Title|lock_status:No|line:184
"Tue, Mar. 10",Tesla said to lose key Model 3 exec,https://seekingalpha.com/news/3550346-tesla-said-to-lose-key-model-3-exec?source=content_type:react|section:News|sectionAsset:News|first_level_url:symbol|button:Title|lock_status:No|line:185
"Tue, Mar. 10",Cheap gas not seen disrupting EV transformation,https://seekingalpha.com/news/3550169-cheap-gas-not-seen-disrupting-ev-transformation?source=content_type:react|section:News|sectionAsset:News|first_level_url:symbol|button:Title|lock_status:No|line:186
"Tue, Mar. 10",Tesla makes one millionth car,https://seekingalpha.com/news/3550070-tesla-makes-one-millionth-car?source=content_type:react|section:News|sectionAsset:News|first_level_url:symbol|button:Title|lock_status:No|line:187
"Tue, Mar. 10",Tesla plans to hike Shanghai factory's car parts production - Reuters,https://seekingalpha.com/news/3550011-tesla-plans-to-hike-shanghai-factorys-car-parts-production-reuters?source=content_type:react|section:News|sectionAsset:News|first_level_url:symbol|button:Title|lock_status:No|line:188
"Mon, Mar. 09",The auto sector spins out,https://seekingalpha.com/news/3549836-auto-sector-spins-out?source=content_type:react|section:News|sectionAsset:News|first_level_url:symbol|button:Title|lock_status:No|line:189
"Mon, Mar. 09",Tesla -11% as investors take risk off the table,https://seekingalpha.com/news/3549647-teslaminus-11-investors-take-risk-off-table?source=content_type:react|section:News|sectionAsset:News|first_level_url:symbol|button:Title|lock_status:No|line:190
"Mon, Mar. 09",Top investor says Tesla is 'better run' after shakeup,https://seekingalpha.com/news/3549598-top-investor-says-tesla-is-better-run-after-shakeup?source=content_type:react|section:News|sectionAsset:News|first_level_url:symbol|button:Title|lock_status:No|line:191
"Fri, Mar. 06",Tesla gets green light in China for longer-range Model 3,https://seekingalpha.com/news/3549331-tesla-gets-green-light-in-china-for-longer-range-model-3?source=content_type:react|section:News|sectionAsset:News|first_level_url:symbol|button:Title|lock_status:No|line:192
"Wed, Mar. 04",Wedbush sees GM as serious player in EVs,https://seekingalpha.com/news/3548831-wedbush-sees-gm-serious-player-in-evs?source=content_type:react|section:News|sectionAsset:News|first_level_url:symbol|button:Title|lock_status:No|line:193
"Wed, Mar. 04",GM is Morgan Stanley's top pick in auto,https://seekingalpha.com/news/3548597-gm-is-morgan-stanleys-top-pick-in-auto?source=content_type:react|section:News|sectionAsset:News|first_level_url:symbol|button:Title|lock_status:No|line:194
"Tue, Mar. 03",Tesla +7% after landing JMP Securities upgrade,https://seekingalpha.com/news/3547925-teslaplus-7-after-landing-jmp-securities-upgrade?source=content_type:react|section:News|sectionAsset:News|first_level_url:symbol|button:Title|lock_status:No|line:195
"Sat, Feb. 29",Cybertruck passes early test with construction pros,https://seekingalpha.com/news/3547239-cybertruck-passes-early-test-construction-pros?source=content_type:react|section:News|sectionAsset:News|first_level_url:symbol|button:Title|lock_status:No|line:196
"Fri, Feb. 28",Consumer favorites have a week to forget,https://seekingalpha.com/news/3547011-consumer-favorites-week-to-forget?source=content_type:react|section:News|sectionAsset:News|first_level_url:symbol|button:Title|lock_status:No|line:197
"Thu, Feb. 27",Tesla continues to slide,https://seekingalpha.com/news/3546575-tesla-continues-to-slide?source=content_type:react|section:News|sectionAsset:News|first_level_url:symbol|button:Title|lock_status:No|line:198
"Wed, Feb. 26","Tesla, Panasonic end solar deal in New York",https://seekingalpha.com/news/3545649-tesla-panasonic-end-solar-deal-in-new-york?source=content_type:react|section:News|sectionAsset:News|first_level_url:symbol|button:Title|lock_status:No|line:199
"Tue, Feb. 25",Tesla slammed at NTSB hearing,https://seekingalpha.com/news/3545422-tesla-slammed-ntsb-hearing?source=content_type:react|section:News|sectionAsset:News|first_level_url:symbol|button:Title|lock_status:No|line:200
"Mon, Feb. 24",Tesla -7% as coronavirus cases climb,https://seekingalpha.com/news/3544788-teslaminus-7-coronavirus-cases-climb?source=content_type:react|section:News|sectionAsset:News|first_level_url:symbol|button:Title|lock_status:No|line:201
"Fri, Feb. 21",China auto deliveries come to a standstill,https://seekingalpha.com/news/3544455-china-auto-deliveries-come-to-standstill?source=content_type:react|section:News|sectionAsset:News|first_level_url:symbol|button:Title|lock_status:No|line:202
"Fri, Feb. 21",Clearing operations resume at Giga Berlin,https://seekingalpha.com/news/3544334-clearing-operations-resume-giga-berlin?source=content_type:react|section:News|sectionAsset:News|first_level_url:symbol|button:Title|lock_status:No|line:203
"Thu, Feb. 20",Consumer high-flyers hit a mid-day tripwire,https://seekingalpha.com/news/3544025-consumer-high-flyers-hit-mid-day-tripwire?source=content_type:react|section:News|sectionAsset:News|first_level_url:symbol|button:Title|lock_status:No|line:204
"Wed, Feb. 19",Tesla rally powers up again,https://seekingalpha.com/news/3543215-tesla-rally-powers-up-again?source=content_type:react|section:News|sectionAsset:News|first_level_url:symbol|button:Title|lock_status:No|line:205
"Tue, Feb. 18",Tesla rally keeps analysts scrambling,https://seekingalpha.com/news/3542709-tesla-rally-keeps-analysts-scrambling?source=content_type:react|section:News|sectionAsset:News|first_level_url:symbol|button:Title|lock_status:No|line:206
"Tue, Feb. 18",Renaissance Technologies rides Tesla rally,https://seekingalpha.com/news/3542656-renaissance-technologies-rides-tesla-rally?source=content_type:react|section:News|sectionAsset:News|first_level_url:symbol|button:Title|lock_status:No|line:207
"Tue, Feb. 18",Tesla looks at cobalt-free batteries,https://seekingalpha.com/news/3542534-tesla-looks-cobalt-free-batteries?source=content_type:react|section:News|sectionAsset:News|first_level_url:symbol|button:Title|lock_status:No|line:208
"Mon, Feb. 17",Court halts forest clearance for Giga Berlin,https://seekingalpha.com/news/3542449-court-halts-forest-clearance-for-giga-berlin?source=content_type:react|section:News|sectionAsset:News|first_level_url:symbol|button:Title|lock_status:No|line:209
"Sat, Feb. 15",Loup Ventures sees Tesla in the EV pole position,https://seekingalpha.com/news/3542427-loup-ventures-sees-tesla-in-ev-pole-position?source=content_type:react|section:News|sectionAsset:News|first_level_url:symbol|button:Title|lock_status:No|line:210
"Fri, Feb. 14",Tesla acknowledges 'health epidemics' as risk in filing,https://seekingalpha.com/news/3542088-tesla-acknowledges-health-epidemics-risk-in-filing?source=content_type:react|section:News|sectionAsset:News|first_level_url:symbol|button:Title|lock_status:No|line:211
"Thu, Feb. 13",Tesla pricing $2B offering at $767/share - Bloomberg,https://seekingalpha.com/news/3542082-tesla-pricing-2b-offering-767-share-bloomberg?source=content_type:react|section:News|sectionAsset:News|first_level_url:symbol|button:Title|lock_status:No|line:212
"Thu, Feb. 13",Tesla's capital raise called a smart move,https://seekingalpha.com/news/3541771-teslas-capital-raise-called-smart-move?source=content_type:react|section:News|sectionAsset:News|first_level_url:symbol|button:Title|lock_status:No|line:213
"Thu, Feb. 13",Tesla discloses new subpoena,https://seekingalpha.com/news/3541727-tesla-discloses-new-subpoena?source=content_type:react|section:News|sectionAsset:News|first_level_url:symbol|button:Title|lock_status:No|line:214
"Thu, Feb. 13",Tesla hits the capital raise button,https://seekingalpha.com/news/3541673-tesla-hits-capital-raise-button?source=content_type:react|section:News|sectionAsset:News|first_level_url:symbol|button:Title|lock_status:No|line:215
"Wed, Feb. 12",Tesla recalls 15K Model X SUVs over power steering issue,https://seekingalpha.com/news/3541466-tesla-recalls-15k-model-x-suvs-over-power-steering-issue?source=content_type:react|section:News|sectionAsset:News|first_level_url:symbol|button:Title|lock_status:No|line:216
"Tue, Feb. 11",Tesla crashes placed on NTSB docket,https://seekingalpha.com/news/3540567-tesla-crashes-placed-on-ntsb-docket?source=content_type:react|section:News|sectionAsset:News|first_level_url:symbol|button:Title|lock_status:No|line:217
"Mon, Feb. 10",Tesla +7% as Shanghai workers roll in,https://seekingalpha.com/news/3539988-teslaplus-7-shanghai-workers-roll-in?source=content_type:react|section:News|sectionAsset:News|first_level_url:symbol|button:Title|lock_status:No|line:218
"Mon, Feb. 10",Automakers look to restart production in China,https://seekingalpha.com/news/3539914-automakers-look-to-restart-production-in-china?source=content_type:react|section:News|sectionAsset:News|first_level_url:symbol|button:Title|lock_status:No|line:219
"Sun, Feb. 09",Giga Berlin eligible for state subsidies,https://seekingalpha.com/news/3539874-giga-berlin-eligible-for-state-subsidies?source=content_type:react|section:News|sectionAsset:News|first_level_url:symbol|button:Title|lock_status:No|line:220
"Sat, Feb. 08",Tesla aims for restart in Shanghai next week,https://seekingalpha.com/news/3539869-tesla-aims-for-restart-in-shanghai-next-week?source=content_type:react|section:News|sectionAsset:News|first_level_url:symbol|button:Title|lock_status:No|line:221
"Thu, Feb. 06",Tesla continues slide as China slowdown factors in,https://seekingalpha.com/news/3539201-tesla-continues-slide-china-slowdown-factors-in?source=content_type:react|section:News|sectionAsset:News|first_level_url:symbol|button:Title|lock_status:No|line:222
"Wed, Feb. 05",Tesla -18% as selling picks up,https://seekingalpha.com/news/3538711-teslaminus-18-selling-picks-up?source=content_type:react|section:News|sectionAsset:News|first_level_url:symbol|button:Title|lock_status:No|line:223
"Wed, Feb. 05",Tesla tumbling after confirming China deliveries delay,https://seekingalpha.com/news/3538550-tesla-tumbling-after-confirming-china-deliveries-delay?source=content_type:react|section:News|sectionAsset:News|first_level_url:symbol|button:Title|lock_status:No|line:224
"Wed, Feb. 05",Canaccord downgrades Tesla after sizzling rally,https://seekingalpha.com/news/3538447-canaccord-downgrades-tesla-after-sizzling-rally?source=content_type:react|section:News|sectionAsset:News|first_level_url:symbol|button:Title|lock_status:No|line:225
"Wed, Feb. 05",Musk asks Twitter about 'Giga Texas',https://seekingalpha.com/news/3538383-musk-asks-twitter-giga-texas?source=content_type:react|section:News|sectionAsset:News|first_level_url:symbol|button:Title|lock_status:No|line:226
"Tue, Feb. 04",Tesla rally takes a breather into the close,https://seekingalpha.com/news/3538182-tesla-rally-takes-breather-close?source=content_type:react|section:News|sectionAsset:News|first_level_url:symbol|button:Title|lock_status:No|line:227
"Tue, Feb. 04",Tesla goes parabolic; Citron says even Musk might short here,https://seekingalpha.com/news/3538069-tesla-goes-parabolic-citron-says-even-musk-might-short?source=content_type:react|section:News|sectionAsset:News|first_level_url:symbol|button:Title|lock_status:No|line:228
"Tue, Feb. 04",Tesla makes a run at $900,https://seekingalpha.com/news/3537857-tesla-makes-run-900?source=content_type:react|section:News|sectionAsset:News|first_level_url:symbol|button:Title|lock_status:No|line:229
"Tue, Feb. 04",Tesla tops $800 on boost from Panasonic JV,https://seekingalpha.com/news/3537767-tesla-tops-800-on-boost-from-panasonic-jv?source=content_type:react|section:News|sectionAsset:News|first_level_url:symbol|button:Title|lock_status:No|line:230
"Mon, Feb. 03",Tesla soars on China growth conviction,https://seekingalpha.com/news/3537478-tesla-soars-on-china-growth-conviction?source=content_type:react|section:News|sectionAsset:News|first_level_url:symbol|button:Title|lock_status:No|line:231
"Mon, Feb. 03",Tesla burns rubber again,https://seekingalpha.com/news/3537357-tesla-burns-rubber-again?source=content_type:react|section:News|sectionAsset:News|first_level_url:symbol|button:Title|lock_status:No|line:232
"Mon, Feb. 03",CATL confirms Tesla supply deal,https://seekingalpha.com/news/3537204-catl-confirms-tesla-supply-deal?source=content_type:react|section:News|sectionAsset:News|first_level_url:symbol|button:Title|lock_status:No|line:233
"Thu, Jan. 30",Tesla +8% as analysts try to keep up,https://seekingalpha.com/news/3536358-teslaplus-8-analysts-try-to-keep-up?source=content_type:react|section:News|sectionAsset:News|first_level_url:symbol|button:Title|lock_status:No|line:234
"Wed, Jan. 29",Tesla promises quick ramp for Model Y as shares surge,https://seekingalpha.com/news/3536125-tesla-promises-quick-ramp-for-model-y-shares-surge?source=content_type:react|section:News|sectionAsset:News|first_level_url:symbol|button:Title|lock_status:No|line:235
"Wed, Jan. 29",Wedbush sees Tesla cruising to 1M deliveries,https://seekingalpha.com/news/3536112-wedbush-sees-tesla-cruising-to-1m-deliveries?source=content_type:react|section:News|sectionAsset:News|first_level_url:symbol|button:Title|lock_status:No|line:236
"Wed, Jan. 29",Tesla blasts through $600 after big earnings beat,https://seekingalpha.com/news/3536031-tesla-blasts-through-600-after-big-earnings-beat?source=content_type:react|section:News|sectionAsset:News|first_level_url:symbol|button:Title|lock_status:No|line:237
"Wed, Jan. 29","Tesla EPS beats by $0.38, beats on revenue",https://seekingalpha.com/news/3536015-tesla-eps-beats-0_38-beats-on-revenue?source=content_type:react|section:News|sectionAsset:News|first_level_url:symbol|button:Title|lock_status:No|line:238
"Wed, Jan. 29",WWII bombs defused at Tesla's German site,https://seekingalpha.com/news/3535525-wwii-bombs-defused-teslas-german-site?source=content_type:react|section:News|sectionAsset:News|first_level_url:symbol|button:Title|lock_status:No|line:239
"Tue, Jan. 28",Tesla Q4 2019 Earnings Preview,https://seekingalpha.com/news/3535329-tesla-q4-2019-earnings-preview?source=content_type:react|section:News|sectionAsset:News|first_level_url:symbol|button:Title|lock_status:No|line:240
"Tue, Jan. 28",What to watch in Tesla's Q4 report,https://seekingalpha.com/news/3535186-what-to-watch-in-teslas-q4-report?source=content_type:react|section:News|sectionAsset:News|first_level_url:symbol|button:Title|lock_status:No|line:241
"Mon, Jan. 27",China anxiety dents auto sector,https://seekingalpha.com/news/3534722-china-anxiety-dents-auto-sector?source=content_type:react|section:News|sectionAsset:News|first_level_url:symbol|button:Title|lock_status:No|line:242
"Sun, Jan. 26",Rivian looks to crash EV party,https://seekingalpha.com/news/3534529-rivian-looks-to-crash-ev-party?source=content_type:react|section:News|sectionAsset:News|first_level_url:symbol|button:Title|lock_status:No|line:243
"Fri, Jan. 24",U.S. Senator takes dig at Tesla's Autopilot,https://seekingalpha.com/news/3534409-u-s-senator-takes-dig-teslas-autopilot?source=content_type:react|section:News|sectionAsset:News|first_level_url:symbol|button:Title|lock_status:No|line:244
"Thu, Jan. 23",UBS note on Tesla scratches heads,https://seekingalpha.com/news/3533802-ubs-note-on-tesla-scratches-heads?source=content_type:react|section:News|sectionAsset:News|first_level_url:symbol|button:Title|lock_status:No|line:245
"Wed, Jan. 22",Tesla faces new suit over acceleration,https://seekingalpha.com/news/3533755-tesla-faces-new-suit-over-acceleration?source=content_type:react|section:News|sectionAsset:News|first_level_url:symbol|button:Title|lock_status:No|line:246
"Wed, Jan. 22",Wedbush confident on Tesla ahead of earnings,https://seekingalpha.com/news/3533385-wedbush-confident-on-tesla-ahead-of-earnings?source=content_type:react|section:News|sectionAsset:News|first_level_url:symbol|button:Title|lock_status:No|line:247
"Wed, Jan. 22","Tesla joins $100B club, tops Volkswagen",https://seekingalpha.com/news/3533359-tesla-joins-100b-club-tops-volkswagen?source=content_type:react|section:News|sectionAsset:News|first_level_url:symbol|button:Title|lock_status:No|line:248
"Tue, Jan. 21",Tesla breaks through in Michigan,https://seekingalpha.com/news/3533225-tesla-breaks-through-in-michigan?source=content_type:react|section:News|sectionAsset:News|first_level_url:symbol|button:Title|lock_status:No|line:249
"Tue, Jan. 21",Analysts upshift and downshift on Tesla,https://seekingalpha.com/news/3533032-analysts-upshift-and-downshift-on-tesla?source=content_type:react|section:News|sectionAsset:News|first_level_url:symbol|button:Title|lock_status:No|line:250
"Tue, Jan. 21",Tesla blasts U.S. safety recall petition,https://seekingalpha.com/news/3532935-tesla-blasts-u-s-safety-recall-petition?source=content_type:react|section:News|sectionAsset:News|first_level_url:symbol|button:Title|lock_status:No|line:251
"Sun, Jan. 19",Tesla secures land for European factory,https://seekingalpha.com/news/3532863-tesla-secures-land-for-european-factory?source=content_type:react|section:News|sectionAsset:News|first_level_url:symbol|button:Title|lock_status:No|line:252
"Fri, Jan. 17",Tesla unintended acceleration complaints to come under NHTSA scrutiny,https://seekingalpha.com/news/3532791-tesla-unintended-acceleration-complaints-to-come-under-nhtsa-scrutiny?source=content_type:react|section:News|sectionAsset:News|first_level_url:symbol|button:Title|lock_status:No|line:253
"Thu, Jan. 16",Tesla cools off after Morgan Stanley turns bearish,https://seekingalpha.com/news/3532301-tesla-cools-off-after-morgan-stanley-turns-bearish?source=content_type:react|section:News|sectionAsset:News|first_level_url:symbol|button:Title|lock_status:No|line:254
"Thu, Jan. 16",New Tesla registrations nearly halve in California,https://seekingalpha.com/news/3532259-new-tesla-registrations-nearly-halve-in-california?source=content_type:react|section:News|sectionAsset:News|first_level_url:symbol|button:Title|lock_status:No|line:255
"Wed, Jan. 15",Tesla looks to Glencore for cobalt,https://seekingalpha.com/news/3532044-tesla-looks-to-glencore-for-cobalt?source=content_type:react|section:News|sectionAsset:News|first_level_url:symbol|button:Title|lock_status:No|line:256
"Tue, Jan. 14",U.S. auto sales forecast to fall slightly in 2020,https://seekingalpha.com/news/3531734-u-s-auto-sales-forecast-to-fall-slightly-in-2020?source=content_type:react|section:News|sectionAsset:News|first_level_url:symbol|button:Title|lock_status:No|line:257
"Tue, Jan. 14",Tesla rally finds a new gear,https://seekingalpha.com/news/3531688-tesla-rally-finds-new-gear?source=content_type:react|section:News|sectionAsset:News|first_level_url:symbol|button:Title|lock_status:No|line:258
"Mon, Jan. 13",Tesla races past $500,https://seekingalpha.com/news/3531322-tesla-races-past-500?source=content_type:react|section:News|sectionAsset:News|first_level_url:symbol|button:Title|lock_status:No|line:259
"Mon, Jan. 13",Israel grounds Tesla's Autopilot - Calcalist,https://seekingalpha.com/news/3531179-israel-grounds-teslas-autopilot-calcalist?source=content_type:react|section:News|sectionAsset:News|first_level_url:symbol|button:Title|lock_status:No|line:260
"Fri, Jan. 10",Tesla PT hiked to $553 at Piper Sandler on China growth potential,https://seekingalpha.com/news/3530947-tesla-pt-hiked-to-553-piper-sandler-on-china-growth-potential?source=content_type:react|section:News|sectionAsset:News|first_level_url:symbol|button:Title|lock_status:No|line:261
"Thu, Jan. 09",Noted Tesla bull says take profits here,https://seekingalpha.com/news/3530656-noted-tesla-bull-says-take-profits?source=content_type:react|section:News|sectionAsset:News|first_level_url:symbol|button:Title|lock_status:No|line:262
"Wed, Jan. 08",Slow roll for Toyota in EVs?,https://seekingalpha.com/news/3530493-slow-roll-for-toyota-in-evs?source=content_type:react|section:News|sectionAsset:News|first_level_url:symbol|button:Title|lock_status:No|line:263
"Tue, Jan. 07",Tesla price target hiked to Street-high $556 by Argus,https://seekingalpha.com/news/3530293-tesla-price-target-hiked-to-street-high-556-argus?source=content_type:react|section:News|sectionAsset:News|first_level_url:symbol|button:Title|lock_status:No|line:264
"Tue, Jan. 07",Tesla spirals to record market cap for U.S. automaker,https://seekingalpha.com/news/3530231-tesla-spirals-to-record-market-cap-for-u-s-automaker?source=content_type:react|section:News|sectionAsset:News|first_level_url:symbol|button:Title|lock_status:No|line:265
"Tue, Jan. 07",Sony shocks at CES with electric car concept,https://seekingalpha.com/news/3530152-sony-shocks-ces-electric-car-concept?source=content_type:react|section:News|sectionAsset:News|first_level_url:symbol|button:Title|lock_status:No|line:266
"Tue, Jan. 07",Credit Suisse stays in bear camp on Tesla,https://seekingalpha.com/news/3530033-credit-suisse-stays-in-bear-camp-on-tesla?source=content_type:react|section:News|sectionAsset:News|first_level_url:symbol|button:Title|lock_status:Archived|line:267
"Tue, Jan. 07",Model Y program launches in Shanghai,https://seekingalpha.com/news/3529991-model-y-program-launches-in-shanghai?source=content_type:react|section:News|sectionAsset:News|first_level_url:symbol|button:Title|lock_status:No|line:268
"Mon, Jan. 06",Model Y expected to be mentioned at Tesla event tomorrow,https://seekingalpha.com/news/3529824-model-y-expected-to-be-mentioned-tesla-event-tomorrow?source=content_type:react|section:News|sectionAsset:News|first_level_url:symbol|button:Title|lock_status:No|line:269
"Fri, Jan. 03",Tesla rises to record high after beating Q4 delivery guidance,https://seekingalpha.com/news/3529606-tesla-rises-to-record-high-after-beating-q4-delivery-guidance?source=content_type:react|section:News|sectionAsset:News|first_level_url:symbol|button:Title|lock_status:No|line:270
"Fri, Jan. 03",Auto sector hits the skids,https://seekingalpha.com/news/3529531-auto-sector-hits-skids?source=content_type:react|section:News|sectionAsset:News|first_level_url:symbol|button:Title|lock_status:No|line:271
"Fri, Jan. 03",Wedbush calls China the Tesla wildcard,https://seekingalpha.com/news/3529501-wedbush-calls-china-tesla-wildcard?source=content_type:react|section:News|sectionAsset:News|first_level_url:symbol|button:Title|lock_status:No|line:272
"Fri, Jan. 03",Tesla +1% after topping Q4 deliveries expectations,https://seekingalpha.com/news/3529485-teslaplus-1-after-topping-q4-deliveries-expectations?source=content_type:react|section:News|sectionAsset:News|first_level_url:symbol|button:Title|lock_status:No|line:273
"Fri, Jan. 03",Record year for Tesla in Norway,https://seekingalpha.com/news/3529441-record-year-for-tesla-in-norway?source=content_type:react|section:News|sectionAsset:News|first_level_url:symbol|button:Title|lock_status:No|line:274
"Fri, Jan. 03",Tesla slashes price of China-made Model 3,https://seekingalpha.com/news/3529423-tesla-slashes-price-of-china-made-model-3?source=content_type:react|section:News|sectionAsset:News|first_level_url:symbol|button:Title|lock_status:No|line:275
"Thu, Jan. 02",Canaccord Genuity fires off Street-high PT on Tesla,https://seekingalpha.com/news/3529084-canaccord-genuity-fires-off-street-high-pt-on-tesla?source=content_type:react|section:News|sectionAsset:News|first_level_url:symbol|button:Title|lock_status:No|line:276
"Thu, Jan. 02",First customers to receive China-made Model 3s,https://seekingalpha.com/news/3529033-first-customers-to-receive-china-made-model-3s?source=content_type:react|section:News|sectionAsset:News|first_level_url:symbol|button:Title|lock_status:No|line:277
"Wed, Jan. 01",Tesla faces lawsuit claiming racism,https://seekingalpha.com/news/3529018-tesla-faces-lawsuit-claiming-racism?source=content_type:react|section:News|sectionAsset:News|first_level_url:symbol|button:Title|lock_status:No|line:278
"Tue, Dec. 31, 2019","Tesla Shanghai producing 1,000 cars a week",https://seekingalpha.com/news/3528861-tesla-shanghai-producing-1000-cars-week?source=content_type:react|section:News|sectionAsset:News|first_level_url:symbol|button:Title|lock_status:No|line:279
"Mon, Dec. 30, 2019",Tesla -4% as bull/bear debate rages into 2020,https://seekingalpha.com/news/3528739-teslaminus-4-bull-bear-debate-rages-2020?source=content_type:react|section:News|sectionAsset:News|first_level_url:symbol|button:Title|lock_status:No|line:280
